cms	mean_in	mean_out	diff
CMS2_like	1.758738398551941	1.3306251764297485	0.4281132221221924
CMS3_like	0.5808894634246826	0.40747198462486267	0.17341747879981995
CMS1_like	0.43339821696281433	0.6584205031394958	-0.22502228617668152
CMS4_like	1.8221635818481445	3.1650326251983643	-1.3428690433502197
